1,see ,～に会う,入門編
2,like ,～が好きである/～を好む,入門編
3,have ,～を持っている/～を所有している/～がある/～を飼っている,入門編
4,play ,(スポーツ・ゲームなど)～をする/～ごっこをする,入門編
5,come,来る/やってくる,入門編
6,go,行く,入門編
7,look,(注意して・意識的に)見る,入門編
8,want ,～がほしい/～をほしがる,入門編
9,can,～することができる/～できる,入門編
10,use ,～を使う/～を利用する,入門編
11,make ,～を作る,入門編
12,talk,話す/しゃべる,入門編
13,learn ,～を学ぶ/～を覚える/～を知る,入門編
14,say ,～と言う/～を言う/(本などに)～と書いている,入門編
15,think ,～だと思う/～と考える,入門編
16,do ,～をする,入門編
17,tell ,～に言う/～に話す/～に知らせる/～を話す/～を言う,入門編
18,know ,～を知っている/～と知り合いである,入門編
19,study ,～を勉強する,入門編
20,eat ,～を食べる,入門編
21,enjoy ,～を楽しむ,入門編
22,enjoy ,～を楽しむ,入門編
23,help ,～を手伝う/～を助ける/～の役に立つ,入門編
24,get ,～を得る/～を手に入れる/～を買う/～を取ってくる,入門編
25,read ,を読む,入門編
26,write ,～を書く,入門編
27,work,働く/勤めている,入門編
28,visit ,(場所など)～を訪れる/(人など)～を訪ねる/～を訪問する,入門編
29,ask,たずねる/問う,入門編
30,become C,Cになる,入門編
31,give ,～を渡す/～を与える/～をあげる,入門編
32,hear ,(自然に耳に入ってくる音に対して)～を聞く/～が聞こえる,入門編
33,wish,したいと思う/強く望む/願う,入門編
34,show ,～を見せる/～を示す,入門編
35,be,～です。/～だ/～である/(助動詞の後ろなどでつかう),入門編
36,take ,(手で)～を取る/～をつかむ,入門編
37,start,始まる,入門編
38,meet ,～に会う/～と知り合いになる,入門編
39,watch ,(テレビや映画など動くものなど)～を見る,入門編
40,join ,～に加わる/～に参加する/～の仲間に入る,入門編
41,teach ,～を教える,入門編
42,clean ,～を掃除する/～をきれいにする,入門編
43,run,走る,入門編
44,buy ,～を買う,入門編
45,mean ,～の意味である/～を意味する,入門編
46,love ,～が大好きである/～を愛している,入門編
47,stay,とどまる/滞在する/泊まる/いる,入門編
48,need ,～を必要とする/～が必要である/～する必要がある,入門編
49,call ,～に電話をかける/(電話で)～を呼び出す,入門編
50,walk,歩く,入門編
51,keep ,～を保つ/～を保存する/～を保管する/～を保持する,入門編
52,speak ,(言語など)～を話す,入門編
53,hope ,～を望む/～と望む/～を希望する/～を期待する,入門編
54,change ,～を変える,入門編
55,feel C,Cと感じる/Cの感じがする/Cの心地がする,入門編
56,cook ,(加熱して)～を料理する,入門編
57,live,住んでいる/住む/生活する/暮らす,入門編
58,wear ,～を身に着けている/～を着ている,入門編
59,drink ,～を飲む,入門編
60,dance,踊る/ダンスをする,入門編
61,open ,～をあける/～を開く,入門編
62,send ,～を送る/～を送信する/(手紙など)～を出す,入門編
63,sleep,眠る/寝る,入門編
64,happen,起こる/生じる,入門編
65,bring ,(物など)～を持ってくる/～を連れてくる,入門編
66,worry,心配する,入門編
67,wait,待つ,入門編
68,choose ,～を選ぶ,入門編
69,travel,旅行する/旅をする,入門編
70,save ,～を救う/～を助ける/～を守る,入門編
71,put ,～を置く,入門編
72,win ,～に勝つ/～を勝ち取る/～を獲得する,入門編
73,sing ,～を歌う,入門編
74,stop,やめる/止める/止まる/停止する,入門編
75,catch ,～をつかまえる/～を捕る/～を捕らえる,入門編
76,turn,向きを変える/曲がる,入門編
77,find ,～を見つける/～を探し出す,入門編
78,cut ,～を切る/～を切断する/～の供給を止める,入門編
79,touch ,～をさわる/～に触れる,入門編
80,check ,～を確認する/～を調べる/～をチェックする,入門編
81,build ,～を建てる/～を造る/(機械類など)～を組み立てる,入門編
82,sell ,～を売る/～を売っている,入門編
83,finish ,～を終わらせる/～を終える,入門編
84,perform ,～を演じる,入門編
85,drop ,～を落とす,入門編
86,ski,スキーをする,入門編
87,relax,くつろぐ/リラックスする,入門編
88,leave,出発する/去る,入門編
89,cannot,～できない,入門編
90,fall,倒れる/落ちる,入門編
91,thank ,～に感謝する/～をありがたいと思う,入門編
92,wash ,～を洗う,入門編
93,draw ,(絵)～を描く,入門編
94,swim,泳ぐ,入門編
95,fly,飛ぶ,入門編
96,jump,はねる/とぶ/とび越える,入門編
97,stand,立つ/立っている/(場所に)建つ/ある,入門編
98,close ,～を閉じる/～を閉める,入門編
99,ride ,～に乗る/(馬や自転車など)～に乗って行く,入門編
100,skate,スケートをする/スケートですべる,入門編
101,pick ,～を取る/～をつまみ取る/～を摘む/～を摘み取る,入門編
102,am,～です。/～だ/～である/(Iが主語のときにつかう),入門編
103,are,～です。/～だ/～である/(y～uやweなどが主語のときにつかう),入門編
104,does,d～の3人称単数現在形,入門編
105,has,haveの三人称単数現在形,入門編
106,is,～です。/～だ/～である/(thisやheなどが主語のときにつかう),入門編
107,he,彼は(が),入門編
108,her,彼女を(に)/彼女の,入門編
109,hers,彼女のもの,入門編
110,him,彼を［に］,入門編
111,his,彼の,入門編
112,I,私は(が),入門編
113,it,それは/それを/それに/(代名詞の主格・目的格として使われる),入門編
114,its,それの/その,入門編
115,me,私を［に］,入門編
116,mine,私のもの,入門編
117,my,私の,入門編
118,our,私たちの,入門編
119,ours,私たちのもの,入門編
120,she,彼女は［が］,入門編
121,their,彼らの/彼女らの/それらの,入門編
122,theirs,彼らのもの/彼女らのもの/それらのもの,入門編
123,them,彼ら［彼女ら/それら］を［に］,入門編
124,they,彼らは［が］/彼女らは［が］/それらは［が］,入門編
125,us,私たちを［に］,入門編
126,we,私たちは［が］,入門編
127,you,あなたは/あなたたちは,入門編
128,your,あなたの/あなたたちの,入門編
129,yours,あなたのもの/あなたたちのもの,入門編
130,zero,0,入門編
131,one,1,入門編
132,two,2,入門編
133,three,3,入門編
134,four,4,入門編
135,five,5,入門編
136,six,6,入門編
137,seven,7,入門編
138,eight,8,入門編
139,nine,9,入門編
140,ten,10,入門編
141,eleven,11,入門編
142,twelve,12,入門編
143,thirteen,13,入門編
144,fourteen,14,入門編
145,fifteen,15,入門編
146,sixteen,16,入門編
147,seventeen,17,入門編
148,eighteen,18,入門編
149,nineteen,19,入門編
150,twenty,20,入門編
151,thirty,30,入門編
152,forty,40,入門編
153,fifty,50,入門編
154,sixty,60,入門編
155,seventy,70,入門編
156,eighty,80,入門編
157,ninety,90,入門編
158,hundred,100/百を表す記号,入門編
159,thousand,1000/千を表す記号,入門編
160,twenty-one,21,入門編
161,third,3番目/3日,入門編
162,fourth,4番目/4日,入門編
163,fifth,5番目/5日,入門編
164,sixth,6番目/6日,入門編
165,seventh,7番目/7日,入門編
166,eighth,8番目/8日,入門編
167,ninth,9番目/9日,入門編
168,tenth,10番目/10日,入門編
169,eleventh,11番目/11日,入門編
170,twelfth,12番目/12日,入門編
171,thirteenth,13番目/13日,入門編
172,twentieth,20番目/20日,入門編
173,first,1番目/1日,入門編
174,fourteenth,14日,入門編
175,fifteenth,15日,入門編
176,nineteenth,19日/19番目,入門編
177,eighteenth,18日/18番め,入門編
178,seventeenth,17日/17番め,入門編
179,sixteenth,16日/16番め,入門編
180,thirtieth,30番目/30日,入門編
181,twenty-first,21日/21番目,入門編
182,twenty-eighth,28日/28番め,入門編
183,twenty-fifth,25日/25番め,入門編
184,twenty-fourth,24日/24番め,入門編
185,twenty-ninth,29日/29番め,入門編
186,twenty-second,22日/22番め,入門編
187,twenty-seventh,27日/27番め,入門編
188,twenty-sixth,26日/26番め,入門編
189,twenty-third,23日/23番め,入門編
190,January,1月,入門編
191,February,2月,入門編
192,March,3月,入門編
193,April,4月,入門編
194,May,5月,入門編
195,June,6月,入門編
196,July,7月,入門編
197,August,8月,入門編
198,September,9月,入門編
199,October,10月,入門編
200,November,11月,入門編
201,December,12月,入門編
202,Sunday,日曜日,入門編
203,Monday,月曜日,入門編
204,Tuesday,火曜日,入門編
205,Wednesday,水曜日,入門編
206,Thursday,木曜日,入門編
207,Friday,金曜日,入門編
208,Saturday,土曜日,入門編
209,winter,冬,入門編
210,spring,春,入門編
211,summer,夏,入門編
212,fall,秋,入門編
213,autumn,秋,入門編
214,hand,手,入門編
215,face,顔,入門編
216,foot,足/(くるぶしから下の部分),入門編
217,head,頭,入門編
218,neck,首,入門編
219,arm,腕,入門編
220,leg,あし(ももの付け根から下部分/あるいは足首まで)/(家具の)脚,入門編
221,eye,目,入門編
222,ear,耳,入門編
223,nose,鼻,入門編
224,mouth,口,入門編
225,nail,つめ(爪),入門編
226,lip,唇(くちびる),入門編
227,feet,f～～tの複数形,入門編
228,orange,オレンジ/オレンジ色,入門編
229,color,色/色彩,入門編
230,red,赤,入門編
231,blue,青,入門編
232,green,緑,入門編
233,yellow,黄色,入門編
234,gray,灰色,入門編
235,brown,茶色,入門編
236,black,黒,入門編
237,white,白,入門編
238,tea,茶/紅茶,入門編
239,purple,紫色,入門編
240,pink,ピンク/桃色,入門編
241,school,学校,入門編
242,friend,友達/友人,入門編
243,day,日/1日/曜日,入門編
244,Japanese,日本語/国語(日本での教科として),入門編
245,English,英語,入門編
246,time,時/時刻/時間/期間/～ころ,入門編
247,food,食べ物,入門編
248,family,家族/一家,入門編
249,train,電車/列車,入門編
250,sport,スポーツ,入門編
251,park,公園/遊園地,入門編
252,team,チーム/団/部,入門編
253,student,生徒/学生,入門編
254,people,人々,入門編
255,child,子ども,入門編
256,station,駅/署,入門編
257,thing,もの/こと/事物,入門編
258,that,あれ/それ/あの［その］人［もの/こと］,入門編
259,this,これ/この人/このもの/こちら/(近くのものを指すときに用いる),入門編
260,what,何/どんな/(疑問詞として疑問文で用いる),入門編
261,home,家/家庭,入門編
262,picture,絵,入門編
263,country,国,入門編
264,year,年/1年,入門編
265,life,生活/暮らし/人生/一生,入門編
266,place,場所/所,入門編
267,idea,考え/思いつき/アイディア,入門編
268,future,将来/未来,入門編
269,world,世界,入門編
270,way,方法/やり方,入門編
271,word,ことば/単語/語,入門編
272,city,都市/市/都会/町,入門編
273,class,学級/クラス/組/(クラスの)みなさん,入門編
274,Mr. A,Aさん/A先生(男性への敬称),入門編
275,game,試合,入門編
276,heart,心/気持ち,入門編
277,something,何か/あるもの,入門編
278,which,どちら/どれ/どちらの人［もの］,入門編
279,who,だれ/だれが/(疑問詞として疑問文で用いる),入門編
280,today,今日/本日,入門編
281,number,数/数字/総数,入門編
282,problem,(解決するべき)問題/(害のある)問題,入門編
283,morning,朝/午前,入門編
284,lunch,昼食,入門編
285,month,月/ひと月,入門編
286,club,クラブ/部,入門編
287,festival,お祭り/催し物,入門編
288,night,夜,入門編
289,question,質問/問題/試験の問題/問い,入門編
290,volunteer,ボランティア/志願者,入門編
291,week,週/週間,入門編
292,watch,腕時計/懐中時計,入門編
293,example,例,入門編
294,event,(重要な)出来事/行事/催し,入門編
295,job,職業/仕事,入門編
296,library,図書館/図書室,入門編
297,Ms. A,Aさん/A先生(成人した女性への敬称),入門編
298,everyone,みなさん/みんな/だれでも,入門編
299,these,これら,入門編
300,smile,ほほえみ/笑顔,入門編
301,trip,旅行,入門編
302,animal,動物,入門編
303,classmate,同級生/級友/クラスメート,入門編
304,man,男性/男の人,入門編
305,woman,女性/女の人,入門編
306,player,運動選手/競技者,入門編
307,car,車/自動車/車両,入門編
308,fun,楽しさ/おもしろいこと,入門編
309,Internet,インターネット,入門編
310,fish,魚,入門編
311,front,前面/前部/前/正面,入門編
312,vegetable,野菜,入門編
313,hour,1時間/60分/時間/時刻,入門編
314,minute,(時間の)分,入門編
315,light,明かり/電灯/光,入門編
316,activity,活動,入門編
317,yesterday,昨日,入門編
318,anything,何か/何も(～ない),入門編
319,sound,音/物音/響き,入門編
320,clothes,服/衣服,入門編
321,dinner,夕食/ディナー,入門編
322,rice,米,入門編
323,season,季節,入門編
324,parent,親,入門編
325,homework,宿題,入門編
326,afternoon,午後,入門編
327,evening,夕方/晩,入門編
328,tomorrow,明日,入門編
329,song,歌,入門編
330,weekend,週末,入門編
331,movie,映画,入門編
332,present,贈り物/プレゼント,入門編
333,vacation,休み/休暇,入門編
334,concert,コンサート/演奏会,入門編
335,history,歴史,入門編
336,paper,紙,入門編
337,performance,上演/演技/演奏/公演,入門編
338,elementary school,小学校,入門編
339,subject,教科/科目,入門編
340,mom,お母さん,入門編
341,breakfast,朝食,入門編
342,field,野原/畑/草原,入門編
343,gym,体育館,入門編
344,poster,ポスター/広告,入門編
345,door,戸/ドア/扉,入門編
346,shoe,くつ,入門編
347,football,アメリカンフットボール/(イギリスで)サッカー,入門編
348,phone,電話,入門編
349,weather,天気/天候,入門編
350,rain,雨,入門編
351,snow,雪,入門編
352,ticket,切符/チケット/乗車券/券,入門編
353,age,年齢/年,入門編
354,fan,ファン/熱心な愛好者,入門編
355,office,事務所/オフィス/診察室,入門編
356,Mt. 〜,〜山(山の名前の前につける),入門編
357,center,中心/中央/まん中,入門編
358,bath,入浴/風呂,入門編
359,case,箱/容器/入れ物/ケース,入門編
360,girl,女の子/少女,入門編
361,boy,男の子/少年,入門編
362,room,部屋/室,入門編
363,town,町,入門編
364,shop,店,入門編
365,letter,手紙,入門編
366,water,水,入門編
367,cousin,いとこ,入門編
368,dream,夢,入門編
369,America,アメリカ/アメリカ合衆国/米国,入門編
370,fire,火/火事/火災,入門編
371,T-shirt,Tシャツ,入門編
372,dad,お父さん,入門編
373,king,王,入門編
374,the U.S.,アメリカ合衆国(United Statesの略),入門編
375,Mrs.A,[結婚している女性を指して]～さん/先生,入門編
376,whose,だれの/だれのもの/(疑問詞として疑問文で用いる),入門編
377,art,芸術/美術/技術,入門編
378,table,テーブル,入門編
379,street,通り/道/街路,入門編
380,sea,海,入門編
381,fruit,果物/果実,入門編
382,party,パーティー,入門編
383,person,人/人間/個人,入門編
384,card,挨拶状/グリーティングカード/はがき,入門編
385,store,店,入門編
386,lake,湖,入門編
387,money,お金/通貨 金銭,入門編
388,area,地域/地方/区域,入門編
389,video,ビデオ/映像/動画,入門編
390,coffee,コーヒー,入門編
391,newspaper,新聞,入門編
392,cow,ウシ/乳牛,入門編
393,sun,太陽,入門編
394,map,地図,入門編
395,milk,牛乳/ミルク,入門編
396,camera,カメラ,入門編
397,snack,軽食/間食/おやつ,入門編
398,holiday,休日/祝日/祭日,入門編
399,curry,カレー料理/カレー,入門編
400,top,いちばん上の部分/頂上/てっぺん,入門編
401,moment,ちょっとの時間/瞬間/少しの間/一瞬,入門編
402,ink,インク,入門編
403,photo,写真,入門編
404,kitchen,台所/調理場,入門編
405,bicycle,自転車,入門編
406,firework,花火,入門編
407,grandparent,祖父母/祖母/祖父,入門編
408,potato,ジャガイモ,入門編
409,cooking,料理,入門編
410,grandma,おばあちゃん/祖母,入門編
411,grandpa,おじいちゃん/祖父,入門編
412,hobby,趣味,入門編
413,queen,女王/王妃,入門編
414,everybody,皆さん/みんな/だれでも,入門編
415,sheep,ヒツジ,入門編
416,fox,キツネ,入門編
417,body,体,入門編
418,sky,空,入門編
419,pool,プール,入門編
420,shape,形/姿,入門編
421,shirt,シャツ/ワイシャツ,入門編
422,news,報道/ニュース/知らせ,入門編
423,program,番組/プログラム,入門編
424,cup,カップ/カップ1杯,入門編
425,bank,銀行,入門編
426,lemon,レモン,入門編
427,garbage,ごみ/生ごみ,入門編
428,jacket,ジャケット/上着,入門編
429,entrance,入り口/玄関,入門編
430,ship,船,入門編
431,post,郵便/郵便物,入門編
432,rugby,ラグビー,入門編
433,jam,ジャム,入門編
434,pants,ズボン,入門編
435,spider,クモ,入門編
436,Australia,オーストラリア,入門編
437,baseball,野球,入門編
438,bag,かばん/ふくろ,入門編
439,museum,博物館/美術館,入門編
440,date,日時/日付/年月日,入門編
441,star,星,入門編
442,beach,浜/浜辺/海辺/ビーチ,入門編
443,task,仕事/任務,入門編
444,moon,月,入門編
445,goodbye,別れのあいさつ/さようなら,入門編
446,artist,画家/芸術家,入門編
447,umbrella,傘,入門編
448,shower,シャワー,入門編
449,bear,クマ,入門編
450,soup,スープ,入門編
451,banana,バナナ,入門編
452,telephone,電話,入門編
453,cat,ネコ/猫,入門編
454,ball,ボール/球,入門編
455,cap,(ふちのない)帽子,入門編
456,bed,ベッド,入門編
457,basketball,バスケットボール,入門編
458,computer,コンピュータ,入門編
459,chair,いす,入門編
460,bus,バス,入門編
461,bike,自転車,入門編
462,cake,ケーキ,入門編
463,cherry,サクラの木/サクランボ,入門編
464,astronaut,宇宙飛行士,入門編
465,convenience store,コンビニエンスストア,入門編
466,Brazil,ブラジル,入門編
467,apple,リンゴ,入門編
468,chocolate,チョコレート,入門編
469,bread,パン,入門編
470,bee,ミツバチ/ハチ,入門編
471,children,childの複数形,入門編
472,China,中国,入門編
473,book,本,入門編
474,guitar,ギター,入門編
475,bird,鳥,入門編
476,horse,ウマ,入門編
477,elephant,ゾウ/象,入門編
478,India,インド,入門編
479,brother,兄/弟/兄弟,入門編
480,grandfather,おじいさん/祖父,入門編
481,grandmother,おばあさん/祖母,入門編
482,birthday,誕生日,入門編
483,classroom,教室,入門編
484,hamburger,ハンバーガー,入門編
485,box,箱/(特にふた付きの長方形のものを指す),入門編
486,department store,デパート/百貨店,入門編
487,Italy,イタリア,入門編
488,chicken,鶏肉,入門編
489,hat,(ふちのある)帽子,入門編
490,fishing,つり,入門編
491,scissors,ハサミ,入門編
492,popcorn,ポップコーン,入門編
493,snake,ヘビ,入門編
494,sandwich,サンドイッチ,入門編
495,Japan,日本,入門編
496,math,数学,入門編
497,music,音楽/楽曲,入門編
498,soccer,サッカー,入門編
499,pencil,鉛筆,入門編
500,rabbit,ウサギ,入門編
501,mother,母/お母さん,入門編
502,taxi,タクシー,入門編
503,mountain,山,入門編
504,supermarket,スーパー/スーパーマーケット,入門編
505,nurse,保健の先生/看護師,入門編
506,Spain,スペイン,入門編
507,Korea,韓国/朝鮮/北朝鮮,入門編
508,lion,ライオン,入門編
509,racket,ラケット,入門編
510,scissors,ハサミ,入門編
511,popcorn,ポップコーン,入門編
512,snake,ヘビ,入門編
513,sandwich,サンドイッチ,入門編
514,Japan,日本,入門編
515,math,数学,入門編
516,music,音楽/楽曲,入門編
517,soccer,サッカー,入門編
518,pencil,鉛筆,入門編
519,rabbit,ウサギ,入門編
520,mother,母/お母さん,入門編
521,taxi,タクシー,入門編
522,mountain,山,入門編
523,supermarket,スーパー/スーパーマーケット,入門編
524,nurse,保健の先生/看護師,入門編
525,Spain,スペイン,入門編
526,Korea,韓国/朝鮮/北朝鮮,入門編
527,lion,ライオン,入門編
528,racket,ラケット,入門編
529,teacher,先生/教師,入門編
530,tennis,テニス,入門編
531,science,理科/科学,入門編
532,TV,テレビ,入門編
533,sister,姉/妹/姉妹,入門編
534,volleyball,バレーボール,入門編
535,river,川,入門編
536,restaurant,レストラン,入門編
537,post office,郵便局,入門編
538,zoo,動物園,入門編
539,tree,木/樹木,入門編
540,window,窓,入門編
541,shrine,神社/神宮,入門編
542,singer,歌手/歌う人,入門編
543,shopping,買い物,入門編
544,temple,寺/寺院,入門編
545,scientist,科学者/自然科学者,入門編
546,tomato,トマト,入門編
547,too,また/～も/(通例文末で用いる),入門編
548,yes,はい/そうです,入門編
549,very,とても/非常に,入門編
550,now,今/現在は,入門編
551,some,いくつかの/いくらかの (通常は肯定文の平叙文で使う),入門編
552,many,(数えられるものに対して)多くの/たくさんの,入門編
553,new,新しい/新任の,入門編
554,there,そこに/そこで/そこへ,入門編
555,next,次の/今度の/となりの/翌～,入門編
556,happy,うれしい/幸せな/楽しい/喜ばしい,入門編
557,good,良い/(人と)仲が良い,入門編
558,well,元気で/元気に/よい/健康で,入門編
559,right,右の/右側の,入門編
560,also,～もまた/～も/さらに/そのうえ,入門編
561,then,そのとき/その当時,入門編
562,other,もう一方の,入門編
563,how,どれくらい/どのように/(疑問詞として疑問文で用いる),入門編
564,not,～でない/～しない/～ではなく,入門編
565,when,いつ/どんなときに/(疑問詞として疑問文で用いる),入門編
566,hard,かたい,入門編
567,no,いいえ/いや、違います,入門編
568,here,ここに/ここで/ここへ,入門編
569,old,古い/昔からの,入門編
570,interesting,おもしろい/興味深い,入門編
571,every,毎～/～ごとに,入門編
572,kind,親切な/やさしい,入門編
573,high,(高さが)高い/(値段が)高い/(地位が)高い/(温度が)高い,入門編
574,really,本当に/とても/たいへん,入門編
575,please,どうぞ/どうか/お願いします。,入門編
576,beautiful,きれいな/美しい,入門編
577,interested,興味がある/興味を持った/関心がある,入門編
578,all,すべての/全部の/あらゆる/全体の,入門編
579,together,いっしょに/ともに,入門編
580,great,すばらしい/すてきな/偉大な,入門編
581,last,最後の/この前の/先～/昨～,入門編
582,only,唯一の/ただ1つの/ただ1人の,入門編
583,OK,オーケー/わかりました/わかった/はい/元気で,入門編
584,why,なぜ/どうして,入門編
585,nice,すてきな/よい/すばらしい,入門編
586,late,(時間に)遅れた/遅刻した/遅い,入門編
587,sometimes,ときどき/ときには,入門編
588,any,なにか/いくつかの/何人かの (疑問文や条件文で使われる),入門編
589,always,いつも/常に,入門編
590,big,大きな/大きい,入門編
591,small,小さい,入門編
592,long,長い/～の長さで,入門編
593,popular,人気のある,入門編
594,often,しばしば/たびたび/よく,入門編
595,ago,(今から)～前に,入門編
596,back,帰って/戻って/返して/元のところへ,入門編
597,later,あとで/のちほど/～後,入門編
598,another,もう1つの/別の/ほかの,入門編
599,easy,簡単な/やさしい/容易な/楽な/たやすい,入門編
600,same,同じ/同一の,入門編
601,clean,きれいな/清潔な,入門編
602,up,上へ/上に,入門編
603,where,どこに［で/へ］,入門編
604,sorry,申し訳なく思って/すまなく思って/残念に思って,入門編
605,usually,たいてい/ふつう/いつもは/ふだん,入門編
606,special,特別の/特殊な,入門編
607,out,外に/外へ/外出して/(人が)不在で,入門編
608,favorite,お気に入りの/大好きな/一番好きな,入門編
609,warm,暖かい/温暖な,入門編
610,cold,寒い/冷たい,入門編
611,soon,まもなく/すぐに,入門編
612,famous,有名な,入門編
613,bad,悪い/いやな/ひどい/下手な/(味が)まずい,入門編
614,excited,興奮して/わくわくして,入門編
615,sad,悲しい,入門編
616,useful,役に立つ/有用な,入門編
617,little,小さい/少しの/ささいな/(数えられない名詞を修飾する),入門編
618,still,今でも/今なお/まだ,入門編
619,abroad,海外へ/外国へ/海外に/外国に,入門編
620,just,まさに/ちょうど,入門編
621,fast,速い/短時間で終わる,入門編
622,tired,疲れて/疲れた,入門編
623,hot,暑い/熱い,入門編
624,short,短い,入門編
625,quickly,(瞬間的に)はやく/急速に/すばやく/急いで,入門編
626,dear,親愛なる～/～様,入門編
627,sick,病気で/病気の/具合の悪い,入門編
628,outside,外に/外へ/外で,入門編
629,almost,ほとんど/ほぼ/おおかた/もう少しで,入門編
630,delicious,おいしい,入門編
631,amazing,驚くべき/びっくりするような/驚くほどすばらしい,入門編
632,off,(場所から)離れて/去って,入門編
633,left,左の,入門編
634,early,はやく/初期に/(時間や時期に対して用いる),入門編
635,p.m.,午後,入門編
636,free,ひまな/時間がある/空いている,入門編
637,cool,かっこいい/すばらしい,入門編
638,local,地元の/その土地の/ある地域の,入門編
639,away,離れて/去って/遠くへ去って/あちらへ,入門編
640,hungry,空腹の/空腹な/お腹がすいて,入門編
641,glad,うれしい/喜んで,入門編
642,strong,強い/丈夫な/たくましい,入門編
643,down,下へ/下に/下の方へ,入門編
644,traditional,伝統的な/昔ふうの,入門編
645,exciting,興奮させる/わくわくさせる/おもしろい,入門編
646,busy,いそがしい,入門編
647,wonderful,すばらしい/とてもすてきな,入門編
648,young,若い/幼い,入門編
649,again,また/もう一度/再び,入門編
650,important,重要な/重大な/大切な,入門編
651,full,いっぱいの/満ちた,入門編
652,main,主な/主要な,入門編
653,large,広い/大きい/広大な,入門編
654,a.m.,午前,入門編
655,someday,いつか/そのうち,入門編
656,American,アメリカの/アメリカ人の,入門編
657,clear,澄んだ,入門編
658,thirsty,のどがかわいた,入門編
659,fine,元気な/調子のよい/健康な/すばらしい,入門編
660,cute,かわいい,入門編
661,far,遠くに/遠く,入門編
662,sunny,晴れた/晴れの/日の照っている,入門編
663,cloudy,くもりの/くもった,入門編
664,rainy,雨降りの/雨の,入門編
665,several,いくつかの/いく人かの/数個の,入門編
666,pretty,かわいい/かわいらしい,入門編
667,surprised,驚いて/驚いた,入門編
668,angry,怒って/腹を立てて/怒った,入門編
669,sleepy,眠そうな/眠い,入門編
670,perfect,完璧な/申し分ない/完全な,入門編
671,tall,背が高い/(細長く)高い,入門編
672,lucky,運のよい/幸運な,入門編
673,hard,熱心に/一生懸命に/懸命に,入門編
674,funny,おかしい/おかしな/おもしろい,入門編
675,soft,やわらかい,入門編
676,those,あれらの/それらの,入門編
677,hello,こんにちは。/やあ。,入門編
678,to,(到達地点)～へ/～に/～まで,入門編
679,hi,こんにちは。/やあ。,入門編
680,from,～出身の/～から/～からの,入門編
681,but,しかし/だが/ところが/けれども,入門編
682,and,～と～/～および～,入門編
683,for,～のために/～にとって/～に対して/～用の,入門編
684,about,～について/～に関して,入門編
685,on,～の上に/～の上で/～の上の,入門編
686,near,～の近くに,入門編
687,before,～の前に/～の前の,入門編
688,after,～のあとに/～のあとの/～のあとで,入門編
689,or,～か～/～または～/～あるいは～/～それとも～,入門編
690,by,(場所)～のそばに,入門編
691,with,(人)～と一緒に/～とともに/～と同時に,入門編
692,around,～のまわりに/～の周囲に/～のあたりで/～の近くに,入門編
693,during,～の間/～の間中/～中/(後ろにvacati～nのような期間を表す言葉を伴う),入門編
694,in,～の中の/～の中で/～の中に/(場所/空間を表す言葉を後ろにともなう),入門編
695,of,～の/～のうちの/～に属する,入門編
696,at,(場所)～に/(場所)～で/(何時)～に/(値段)～で/(場所・時間・数値などの一点を示す場合に使われる),入門編
697,bye,さようなら/バイバイ/じゃあね,入門編
698,get up,起き上がる/起きる,入門編
699,take a bath,入浴する,入門編
700,under,～の下に/～の下で,入門編
701,take a picture,写真を撮る,入門編
702,behind,～のうしろに/～のうしろで/～の背後に,入門編
703,as,～として,入門編
704,have fun,楽しむ,入門編
705,into,～の中に/～の中へ,入門編
706,over,～以上で/～より多く/～を越えて,入門編
707,against,～に対して/～に対抗して/～に反対して,入門編
708,hey,ねえ/おい/ちょっと,入門編
709,go home,家に帰る/帰宅する,入門編
710,sit down,座る/席につく,入門編
711,stand up,立ち上がる,入門編
712,wake up,起きる/目覚める/目を覚ます,入門編
713,in the morning,朝に/午前中に,入門編
714,turn on A,Aのスイッチを入れる/A(のスイッチなど)をつける,入門編
715,want to,～したい,入門編
716,welcome,ようこそ/いらっしゃい,入門編
717,be from A,Aの出身である,入門編
718,be good at 〜,〜が上手である/〜が得意である,入門編
719,very much,とても/たいへん/非常に,入門編
720,every day,毎日,入門編
721,go to bed,寝る,入門編
722,Excuse me.,すみません。/失礼します。/失礼ですが。,入門編
723,look at A,(注意してよく)Aを見る,入門編
724,next to A,Aのとなりに/Aのとなりの,入門編
725,listen to A,(じっと耳を傾けて)Aを聞く,入門編
726,a lot of A,たくさんのA/多数のA,入門編
727,Of course.,もちろん。,入門編
728,one day,(過去の)ある日/(未来の)いつか,入門編
729,look for A,Aをさがす,入門編
730,be interested in A,Aに興味がある/Aに興味を持っている/Aに関心を持っている,入門編
731,for example,たとえば,入門編
732,in front of A,Aの前に/Aの前の/Aの前で/Aの正面に,入門編
733,would like to 〜,〜したいと思う,入門編
734,All right.,わかりました。/いいですよ。/よろしい。/了解。/大丈夫。,入門編
735,out of,～から/～から外へ,入門編
736,look around,見渡す/あたりを見回す,入門編
737,Here you are.,はい、どうぞ。/どうぞ。,入門編
738,Thank you.,ありがとう。,入門編
739,You're welcome.,どういたしまして。,入門編
740,I'm sorry.,申し訳ありません。/すみません。/残念ながら。,入門編
741,See you.,またね。/じゃあね。,入門編
742,Good morning.,おはよう。,入門編
743,What time 〜?,何時に〜か？,入門編
744,That's right.,そのとおり。,入門編
745,How many 〜?,いくつの〜ですか。/どれくらいたくさんの〜ですか。,入門編
746,let's V,Vしましょう,入門編
747,I see.,わかりました。/なるほど。,入門編
748,How much 〜?,〜はいくらですか。,入門編
749,How are you?,調子はどうですか。/ごきげんいかがですか。/お元気ですか。,入門編
750,Thanks.,ありがとう。,入門編
751,Can I 〜?,〜してもよいですか。,入門編
752,Can you 〜?,〜してもらえませんか。/〜してくれませんか。,入門編
753,May I 〜?,〜してもよいですか。,入門編
754,Good night.,おやすみ。,入門編
755,"Yes, please.",はい、お願いします。,入門編
756,"No, thank you.",いえ/結構です。,入門編
757,Good afternoon.,こんにちは。,入門編
758,practice ,～を練習する,基本編
759,climb ,～を登る/～に登る,基本編
760,hold ,(手などでしっかり)～を持つ/～をにぎる/～をだく,基本編
761,understand ,～を理解する/～がわかる,基本編
762,remember ,～を覚えている/～を思い出す,基本編
763,break ,～を割る/～を壊す/～を破る,基本編
764,look C,(外見が)Cに見える/Cの顔をしている,基本編
765,sound C,Cと聞こえる/Cに思える/Cと思われる,基本編
766,may,～かもしれない/たぶん～だろう,基本編
767,should,～したほうがいい/～すべきである (義務/当然を表す),基本編
768,follow ,～に従う/～(命令/ルールなど)を守る,基本編
769,miss ,～を逃す/～を見逃す/～を欠席する/～に乗り遅れる,基本編
770,forget ,～を忘れる,基本編
771,lose ,～をなくす/～を失う,基本編
772,answer ,～と答える/～に答える,基本編
773,pass ,～を通過する/～を通り過ぎる,基本編
774,name ,～を名づける,基本編
775,could,canの過去形,基本編
776,decide ,～を決定する/～を決める,基本編
777,will,～するつもりだ/～するだろう,基本編
778,carry ,～を運ぶ/～を持ち運ぶ/～を運搬する,基本編
779,borrow ,～を借りる,基本編
780,believe ,～と思う/～を信じる/～だと信じる,基本編
781,must,～しなければならない (必要/義務/命令を表す),基本編
782,paint ,(絵)～を描く/～をペンキで塗る,基本編
783,spend ,(時間/期間など)～を過ごす/～を使う/～を費やす,基本編
784,pay,払う/支払う,基本編
785,cry,叫ぶ/大声で言う/(声を上げて)泣く,基本編
786,begin,始まる/始める,基本編
787,laugh,(声を出して)笑う,基本編
788,wrap ,～を包装する/～を包む,基本編
789,improve,改良する/改善する/よりよくする/向上する,基本編
790,produce ,～を生ずる/～を生産する/～を生み出す/～をつくり出す/～を創作する/～をもたらす,基本編
791,share ,～をわかち合う/～を共有する/～を互いに分け合う,基本編
792,introduce ,～を紹介する,基本編
793,grow,育つ/成長する,基本編
794,prepare ,～を準備する/～を支度する,基本編
795,guess ,～を推測する,基本編
796,mind ,～を気にする/～をいやがる,基本編
797,move ,～を動かす,基本編
798,brush ,(髪など)～をとかす/～をみがく/～にブラシをかける,基本編
799,disappear,見えなくなる/消える/なくなる/消滅する,基本編
800,invite ,～を招待する/～を招く,基本編
801,return,帰る/戻る,基本編
802,die,死ぬ/亡くなる,基本編
803,hurt,hurtの過去形・過去分詞,基本編
804,fight,たたかう/争う,基本編
805,hurt ,～を傷つける/(肉体や感情などに対して使う),基本編
806,hit ,～に当たる/～に命中する,基本編
807,pray,祈る/祈願する,基本編
808,spread,広がる/広まる,基本編
809,bake ,～を焼く,基本編
810,burn ,～を燃やす,基本編
811,attract ,(人など)～をひきつける/～を魅了する/～を引き寄せる/(注意など)～をひく,基本編
812,rise,(太陽などが)のぼる/上がる/上昇する,基本編
813,cover ,～を覆う,基本編
814,gather ,～を集める,基本編
815,act,行動する/振る舞う,基本編
816,recommend ,～を勧める,基本編
817,decorate ,～を飾る,基本編
818,drive ,～を運転する,基本編
819,shall,【提案・勧誘】［相手の意思をたずねて］～しましょうか？,基本編
820,collect ,～を集める/～を収集する,基本編
821,express ,～を表現する/～を言い表す,基本編
822,kill ,～を殺す,基本編
823,recycle ,(廃品など)～を再生する/～を再生処理する/～を再利用する,基本編
824,protect ,～を保護する/～を守る,基本編
825,solve ,～を解決する,基本編
826,celebrate ,(特別な日/めでたいことなど)～を祝う,基本編
827,reach,～に着く/～に到着する,基本編
828,appear,現れる/登場する/出る,基本編
829,invent ,～を発明する,基本編
830,hang ,～をつるす,基本編
831,shoot ,(弾丸などで)～を撃つ,基本編
832,explain ,～を説明する,基本編
833,communicate,(情報/意思/気持ちなどを)伝える/伝え合う,基本編
834,cross ,～を渡る/～を横切る,基本編
835,enter ,(場所など)～に入る/～に入学する,基本編
836,include ,～を含む,基本編
837,jog,ゆっくり走る/ジョギングする,基本編
838,connect ,～を結びつける/～をつなぐ,基本編
839,serve ,(食事など)～を出す/～を給仕する/(人)～に食事を出す,基本編
840,ate,eatの過去形,基本編
841,became,bec～meの過去形,基本編
842,began,beginの過去形,基本編
843,bought,buyの過去形,基本編
844,came,c～meの過去形,基本編
845,chose,ch～～seの過去形,基本編
846,decrease,減る/減少する,基本編
847,did,d～の過去形,基本編
848,drank,drinkの過去形,基本編
849,drew,drawの過去形,基本編
850,fell,fallの過去形,基本編
851,flew,flyの過去形,基本編
852,forgot,f～rgetの過去形・過去分詞,基本編
853,found,findの過去形,基本編
854,gave,giveの過去形,基本編
855,got,getの過去形,基本編
856,grew,gr～wの過去形,基本編
857,had,haveの過去形,基本編
858,knew,kn～wの過去形,基本編
859,left,leaveの過去形・過去分詞,基本編
860,lost,l～seの過去形・過去分詞,基本編
861,made,makeの過去形,基本編
862,meant,meanの過去形・過去分詞,基本編
863,met,meetの過去形・過去分詞,基本編
864,ran,runの過去形,基本編
865,rode,rideの過去形,基本編
866,rose,riseの過去形,基本編
867,sang,singの過去形,基本編
868,sat,sitの過去形,基本編
869,saw,seeの過去形,基本編
870,spoke,speakの過去形,基本編
871,stood,standの過去形,基本編
872,swam,swimの過去形,基本編
873,took,takeの過去形,基本編
874,was,am/isの過去形,基本編
875,went,g～の過去形,基本編
876,were,areの過去形,基本編
877,woke,wakeの過去形,基本編
878,wrote,writeの過去形,基本編
879,dollar,ドル(アメリカ合衆国の通貨),基本編
880,aunt,おば/叔母/伯母,基本編
881,uncle,おじ/叔父/伯父,基本編
882,member,メンバー/会員/一員,基本編
883,language,言語/ことば/～語,基本編
884,speech,スピーチ/講演/演説,基本編
885,group,グループ/集団/班,基本編
886,story,話/物語,基本編
887,culture,文化,基本編
888,information,情報,基本編
889,plan,計画/予定,基本編
890,robot,ロボット,基本編
891,message,伝言/伝えたいこと/メッセージ,基本編
892,Chinese,中国語/中国人,基本編
893,experience,経験/体験,基本編
894,part,部分/一部,基本編
895,result,結果,基本編
896,break,休憩/休暇/休み,基本編
897,care,世話,基本編
898,line,列/並び/行列,基本編
899,nature,自然/自然界,基本編
900,earth,地球/(通常はtheを付けて用いる),基本編
901,hall,会館/ホール/集会所,基本編
902,rule,規則/ルール/きまり,基本編
903,reason,理由/わけ/根拠,基本編
904,village,村/村落,基本編
905,space,空間/場所,基本編
906,design,デザイン/図案/設計/設計図,基本編
907,end,終わり/最後/端,基本編
908,pet,ペット,基本編
909,contest,コンテスト/コンクール/競争,基本編
910,dish,皿,基本編
911,forest,森/森林,基本編
912,company,会社,基本編
913,memory,思い出/記憶/記憶力,基本編
914,tourist,旅行者/観光客,基本編
915,article,記事,基本編
916,everything,何もかも/全てのもの/あらゆるもの(こと),基本編
917,myself,私自身を［に］,基本編
918,someone,だれか/ある人,基本編
919,coin,硬貨/コイン,基本編
920,voice,声,基本編
921,plant,植物/草木,基本編
922,site,場所/用地/所在地/遺跡,基本編
923,piece,断片/破片/1つ/1枚/1個,基本編
924,trouble,面倒/困難/悩み/迷惑,基本編
925,feeling,感情/気持ち,基本編
926,order,注文/命令,基本編
927,floor,(建物の高さをしめす)階/フロア,基本編
928,baby,赤ちゃん,基本編
929,situation,状況/状態/情勢,基本編
930,hotel,ホテル/旅館,基本編
931,view,ながめ/景色,基本編
932,product,製品/生産物,基本編
933,fact,事実/現実,基本編
934,chorus,合唱/合唱部,基本編
935,half,半分,基本編
936,prize,賞,基本編
937,anyone,だれか/だれでも/だれも(～ない),基本編
938,nothing,何も～ない/少しも～ない,基本編
939,textbook,教科書,基本編
940,daughter,娘,基本編
941,drum,太鼓/ドラム,基本編
942,air,大気/空気,基本編
943,menu,メニュー,基本編
944,comic / comics,マンガ/(特に西洋風のマンガ),基本編
945,action,行動/一時の行為,基本編
946,staff,(集合的に)職員/社員/スタッフ,基本編
947,gate,門/門の扉,基本編
948,writer,作家/著者/作者,基本編
949,city hall,市役所,基本編
950,temperature,気温/温度,基本編
951,theater,劇場/映画館,基本編
952,guest,客/ゲスト,基本編
953,bean,豆,基本編
954,himself,彼自身,基本編
955,itself,それ自身,基本編
956,themselves,彼ら(彼女ら)自身を(に),基本編
957,topic,話題/トピック/テーマ,基本編
958,yourself,あなた自身を/あなた自身に/あなた自ら,基本編
959,clerk,店員,基本編
960,son,息子,基本編
961,meter,メートル,基本編
962,luck,幸運/運,基本編
963,hole,穴,基本編
964,dancer,ダンサー/踊る人,基本編
965,island,島,基本編
966,pot,つぼ/なべ/かめ,基本編
967,market,市場/市,基本編
968,peace,平和,基本編
969,match,試合,基本編
970,sightseeing,観光/見物,基本編
971,tower,塔/タワー,基本編
972,chef,シェフ/コック長,基本編
973,south,南/南部/南方,基本編
974,east,東/東方,基本編
975,price,価格/値段,基本編
976,meat,肉,基本編
977,airport,空港,基本編
978,herself,彼女自身/自ら,基本編
979,stair / stairs,階段/(複数形で使うことが多い),基本編
980,hair,毛/髪,基本編
981,wall,壁/塀,基本編
982,meaning,意味,基本編
983,pleasure,楽しみ/喜び,基本編
984,actor,俳優/役者,基本編
985,size,サイズ/大きさ,基本編
986,performer,芸人/上演者/演技者,基本編
987,type,種類/型/タイプ,基本編
988,statue,像/彫像,基本編
989,hero,英雄/ヒーロー/主人公,基本編
990,note,注(釈)/注釈/メモ/覚え書き,基本編
991,north,北/北方,基本編
992,west,西/西方/西部,基本編
993,attention,注意/注目,基本編
994,step,歩み/一歩/足元/足取り,基本編
995,Christmas,クリスマス,基本編
996,society,社会,基本編
997,rainbow,虹,基本編
998,ourselves,私たち自身,基本編
999,turtle,カメ,基本編
1000,finger,手の指,基本編
1001,bell,鈴/鈴の音/鐘/ベル,基本編
1002,noodle,麺/麺類,基本編
1003,blog,ブログ,基本編
1004,headache,頭痛,基本編
1005,degree,(温度などの)度,基本編
1006,neighbor,近所の人/隣人,基本編
1007,beef,牛肉,基本編
1008,key,鍵,基本編
1009,photographer,写真家/カメラマン,基本編
1010,magazine,雑誌,基本編
1011,knife,ナイフ/小刀/包丁,基本編
1012,trash,ごみ/くず,基本編
1013,subway,(アメリカ合衆国の)地下鉄,基本編
1014,apron,エプロン,基本編
1015,candy,キャンディ,基本編
1016,novel,小説,基本編
1017,pumpkin,カボチャ,基本編
1018,sunrise,日の出,基本編
1019,e-mail,Eメール/電子メール,基本編
1020,exam / examination,試験/テスト,基本編
1021,clock,(置き/かけ)時計,基本編
1022,tongue,舌/言語/国語,基本編
1023,bathroom,浴室/ふろ場,基本編
1024,chance,機会/好機/可能性,基本編
1025,crane,ツル,基本編
1026,quiz,クイズ/小テスト,基本編
1027,fever,熱,基本編
1028,picnic,ピクニック/行楽/遠足,基本編
1029,sweater,セーター,基本編
1030,kid,子ども,基本編
1031,seafood,シーフード/海産物/魚介/海鮮,基本編
1032,passenger,乗客,基本編
1033,souvenir,みやげ/記念品,基本編
1034,cookie,クッキー,基本編
1035,mouse,ネズミ/ハツカネズミ,基本編
1036,omelet,オムレツ,基本編
1037,cabbage,キャベツ,基本編
1038,yourselves,あなたがた自身を(に),基本編
1039,lesson,(学校の)授業/レッスン,基本編
1040,energy,エネルギー/活力,基本編
1041,gift,贈り物/ギフト,基本編
1042,power,力/動力/エネルギー/電力,基本編
1043,meeting,会議/集会/集まり,基本編
1044,opinion,意見/考え,基本編
1045,road,道路/道,基本編
1046,building,建物/ビル/建造物,基本編
1047,research,研究/調査,基本編
1048,Africa,アフリカ,基本編
1049,yen,円（日本の通貨）,基本編
1050,salt,塩,基本編
1051,customer,客/顧客,基本編
1052,website,ウェブサイト,基本編
1053,environment,自然環境/環境,基本編
1054,tool,手段/道具,基本編
1055,farm,農場,基本編
1056,difference,違い/相違,基本編
1057,leader,指導者/リーダー,基本編
1058,pudding,プリン/プディング,基本編
1059,earthquake,地震,基本編
1060,war,戦争/戦い,基本編
1061,adult,大人/成人,基本編
1062,designer,デザイナー/設計者,基本編
1063,character,登場人物/キャラクター,基本編
1064,medicine,薬/医薬,基本編
1065,Asia,アジア(大陸),基本編
1066,postcard,絵はがき/郵便はがき,基本編
1067,driver,運転手/運転する人,基本編
1068,effort,努力,基本編
1069,Dr. A,A博士/A先生(博士号を持っている人の名前の前につける),基本編
1070,rest,休み/休憩,基本編
1071,stage,舞台/ステージ,基本編
1072,meal,食事/料理,基本編
1073,pond,池,基本編
1074,list,名簿/リスト/一覧表,基本編
1075,cage,囲い/かご/(動物の)おり,基本編
1076,smartphone,スマートフォン,基本編
1077,square,正方形,基本編
1078,dictionary,辞書/辞典,基本編
1079,Spanish,スペイン語(人),基本編
1080,tooth,歯,基本編
1081,rope,なわ/ロープ,基本編
1082,video game,テレビゲーム,基本編
1083,plate,皿/取り皿/(浅くて丸いかたちの皿を示す),基本編
1084,dress,ドレス/衣装/ワンピース,基本編
1085,boat,ボート/小舟/船,基本編
1086,cafeteria,カフェテリア/食堂,基本編
1087,population,人口,基本編
1088,goods,商品/品物,基本編
1089,dessert,デザート,基本編
1090,wing,つばさ/羽,基本編
1091,speed,スピード/速度,基本編
1092,scene,場面/場所/景色/光景/風景/舞台,基本編
1093,corner,かど/曲がり角,基本編
1094,announcement,アナウンス/知らせ/発表,基本編
1095,graduation,卒業,基本編
1096,jet,ジェット機,基本編
1097,net,網/ネット,基本編
1098,calendar,カレンダー,基本編
1099,restroom,トイレ/洗面所,基本編
1100,coat,コート/上着,基本編
1101,rock,岩/岩石,基本編
1102,insect,昆虫/虫,基本編
1103,bat,(野球などの)バット,基本編
1104,tail,尾/尾ひれ/しっぽ,基本編
1105,sofa,ソファ,基本編
1106,disaster,災害,基本編
1107,percent,パーセント,基本編
1108,hint,ヒント,基本編
1109,factory,工場,基本編
1110,button,ボタン,基本編
1111,beginner,初心者/初級者/初学者,基本編
1112,envelope,封筒,基本編
1113,bucket,バケツ,基本編
1114,cafe,カフェ/喫茶店,基本編
1115,leaf,(草木の)葉,基本編
1116,pin,ピン/留め針,基本編
1117,pork,豚肉,基本編
1118,Hawaii,ハワイ(アメリカの州),基本編
1119,dolphin,イルカ,基本編
1120,farmer,農場主/農民/農業をする人/農夫,基本編
1121,sock,靴下,基本編
1122,ambulance,救急車,基本編
1123,Germany,ドイツ,基本編
1124,high school,高校,基本編
1125,Canada,カナダ,基本編
1126,airplane,飛行機,基本編
1127,bridge,橋/かけ橋,基本編
1128,anime,(日本の)アニメ,基本編
1129,project,企画/計画/プロジェクト,基本編
1130,air conditioner,空気調整装置/エアコン,基本編
1131,hot spring,温泉,基本編
1132,butter,バター,基本編
1133,nest,巣,基本編
1134,honey,はちみつ,基本編
1135,ant,アリ,基本編
1136,captain,(チームの)キャプテン/機長/船長,基本編
1137,drone,ドローン,基本編
1138,Sydney,シドニー(オーストラリアの都市),基本編
1139,London,ロンドン(イギリスの首都),基本編
1140,musician,音楽家/ミュージシャン,基本編
1141,junior high school,中学校,基本編
1142,mice,m～useの複数形,基本編
1143,rectangle,長方形,基本編
1144,Russia,ロシア連邦,基本編
1145,point,点/いい点/悪い点/問題の要点/大切な点,基本編
1146,ice,氷,基本編
1147,New York,ニューヨーク(アメリカ合衆国の都市),基本編
1148,the U.K.,イギリス,基本編
1149,mark,印/記号/マーク,基本編
1150,New Zealand,ニュージーランド,基本編
1151,Singapore,シンガポール,基本編
1152,tent,テント,基本編
1153,knives,knifeの複数形,基本編
1154,leaves,leafの複数形,基本編
1155,lives,lifeの複数形,基本編
1156,nut,木の実/ナッツ,基本編
1157,South Korea,韓国,基本編
1158,women,w～manの複数形,基本編
1159,o'clock,～時/ちょうど～時/～時の位置,基本編
1160,easily,容易に/簡単に/たやすく,基本編
1161,own,自分自身の/自身の,基本編
1162,careful,注意深い/慎重な/気をつける,基本編
1163,never,決して～ない/まだ一度も～ない/どんなときでも～ない,基本編
1164,difficult,難しい/困難な,基本編
1165,few,少数の/少しの/ほとんど～ない/(数えられる名詞を修飾する),基本編
1166,enough,(必要を満たすのに) 十分な,基本編
1167,so,そのように/そう(前述のことばをさす),基本編
1168,each,それぞれの/各自の,基本編
1169,different,違った/異なった/さまざまな/いろいろな,基本編
1170,finally,ついに/とうとう/最終的に,基本編
1171,TRUE,本当の/真実の,基本編
1172,foreign,外国の/外国産の,基本編
1173,even,～さえ/～でも/さらに,基本編
1174,however,しかしながら/けれども/だが/とはいえ,基本編
1175,round,丸い/球形の,基本編
1176,such,そのような/このような,基本編
1177,much,(数えられないものに対して)多量の/たくさんの/多くの,基本編
1178,sweet,(味覚が)甘い,基本編
1179,ready,用意ができて/準備ができて,基本編
1180,else,ほかに/ほかの/その他に,基本編
1181,nervous,緊張して/不安な,基本編
1182,actually,実際に(は)/実は,基本編
1183,expensive,(値段が)高い/高価な,基本編
1184,professional,プロの/専門の/専門職の,基本編
1185,maybe,たぶん/おそらく/ひょっとすると,基本編
1186,once,1度/1回,基本編
1187,national,国立の/国家の/国民の/国の,基本編
1188,necessary,必要な,基本編
1189,suddenly,突然/急に,基本編
1190,strange,奇妙な/不思議な/変な/いつもと違う,基本編
1191,alone,1人で/ただ～だけで,基本編
1192,natural,自然の/天然の,基本編
1193,safe,安全な/無事な,基本編
1194,rich,豊かな/金持ちの,基本編
1195,healthy,健康に良い/健康的な,基本編
1196,fresh,新鮮な,基本編
1197,past,過去の,基本編
1198,heavy,重い,基本編
1199,low,低い/少ない,基本編
1200,shy,内気な/恥ずかしがり屋の,基本編
1201,crowded,混雑した/混み合った/満員の,基本編
1202,wrong,あやまった/間違った,基本編
1203,friendly,好意的な/友好的な/人なつこい/優しい,基本編
1204,twice,2度/2回,基本編
1205,helpful,役に立つ/助けになる,基本編
1206,unique,特有の/独特の/独自の/とても珍しい,基本編
1207,similar,似た/似ている/同じような/類似した,基本編
1208,various,いろいろな/さまざまな,基本編
1209,active,活発な/活動的な/元気な/活動している,基本編
1210,original,独創的な/独自の,基本編
1211,best,最もよい,基本編
1212,better,より良く/より/もっと/(g～～dの比較級として使う),基本編
1213,more,もっと多くの/さらに多くの/(many/muchの比較級として使う),基本編
1214,serious,本気の/真剣な/まじめな,基本編
1215,most,(数や量が)最も多い/たいていの,基本編
1216,terrible,ひどい/ひどく悪い/恐ろしい,基本編
1217,lonely,さびしい/孤独な/ひとりぼっちの,基本編
1218,especially,特に/特別に/とりわけ,基本編
1219,quiet,静かな/おとなしい,基本編
1220,scared,こわい/おびえて/おびえた,基本編
1221,carefully,慎重に/注意深く,基本編
1222,proud,誇りに思う/誇りをもっている,基本編
1223,loud,大きな/大きい/うるさい/(声や音に対して使われる),基本編
1224,deep,深い/深さが～の,基本編
1225,cheerful,(性格などが)明るい/快活/陽気な/元気のよい,基本編
1226,bored,退屈した/うんざりした,基本編
1227,bitter,苦い,基本編
1228,overseas,外国の,基本編
1229,above,上の/上で,基本編
1230,dirty,汚い/汚れた,基本編
1231,exactly,ちょうど/まさしく,基本編
1232,middle,真ん中の/中間の,基本編
1233,yet,まだ～ない/(否定文で使う),基本編
1234,boring,たいくつな/うんざりするような/つまらない,基本編
1235,final,最後の,基本編
1236,real,本物の/本当の/実在の/現実の/真の,基本編
1237,slow,遅い/ゆっくりな/のんびりした,基本編
1238,convenient,便利な/都合のいい/手ごろな,基本編
1239,bright,(光が)明るい/輝いている/輝かしい/まぶしい,基本編
1240,daily,日常の/毎日の/日々,基本編
1241,everywhere,いたるところ/どこでも,基本編
1242,forever,いつまでも/永遠に,基本編
1243,cheap,安価な/安い,基本編
1244,weak,弱い/かすかな/(液体などが)薄い//衰弱した,基本編
1245,smart,かしこい/頭の切れる/頭が良い,基本編
1246,anymore,今ではもう～でない/もはや～でない/これ以上/(否定文や疑問文で使う),基本編
1247,living,生きている,基本編
1248,medical,医療の/医学の/内科の,基本編
1249,either,～もまた～しない/～もまた～でない/(否定文で使う),基本編
1250,nearby,近くの,基本編
1251,dry,乾燥した/雨が少ない,基本編
1252,little,年少の/幼い,基本編
1253,empty,空の,基本編
1254,worst,最も悪い/最も下手な/(badの最上級),基本編
1255,worse,より悪い/より下手な/(badの比較級),基本編
1256,least,最も小さい/(littleの最上級),基本編
1257,peaceful,平和な/おだやかな,基本編
1258,impossible,不可能な,基本編
1259,positive,前向きな/積極的な/肯定的な,基本編
1260,scary,こわい/恐ろしい,基本編
1261,huge,巨大な/非常に大きな/大きい,基本編
1262,dead,死んだ/死んでいる/枯れた,基本編
1263,Australian,オーストラリアの/オーストラリア人の,基本編
1264,less,より少ない/もっと少ない,基本編
1265,recently,最近,基本編
1266,eco-friendly,環境に優しい,基本編
1267,sharp,(刃物などが)鋭い/よく切れる,基本編
1268,tiny,ごく小さい/ちっぽけな,基本編
1269,wet,湿った/濡れた,基本編
1270,get to A,Aに着く/Aに達する,基本編
1271,like,～に似ている/～に似た/～のような/～のように/～と同様に,基本編
1272,because,～が～だから/～が～なので/なぜなら～,基本編
1273,get off,(乗物から)降りる,基本編
1274,if,もし～が～するなら/もし～が～ならば/もし～ならば,基本編
1275,across,～を横断して/～を横切って/～の向こう側へ/～を越えた/～を超えて,基本編
1276,while,～が～する間に,基本編
1277,do one's homework,宿題をする,基本編
1278,through,～を通って/(場所などを表す表現を後ろにともなう),基本編
1279,without,～のない/～なしで/～がなければ,基本編
1280,come true,実現する/本当になる,基本編
1281,along,(道や川など)～に沿って,基本編
1282,go back,帰る/戻る,基本編
1283,than,～よりも/～に比べて,基本編
1284,among,～の中で/～の間で/～に囲まれて/～に含まれて,基本編
1285,get home,帰宅する/家に着く,基本編
1286,although,～が～だけれども/～が～だが,基本編
1287,by the way,ところで/ついでながら,基本編
1288,go into A,Aに入る,基本編
1289,inside,～の内側に/～の内側へ/～の内側で,基本編
1290,take care of A,Aの世話をする/Aの面倒をみる,基本編
1291,run away,逃げる/走り去る,基本編
1292,arrive at A,Aに到着する/Aに着く,基本編
1293,come from A,Aに由来する/Aから来ている/Aの出身である,基本編
1294,look like A,Aのように見える,基本編
1295,for a long time,長い間,基本編
1296,〜 and so on,〜など,基本編
1297,on TV,テレビで,基本編
1298,take off A,Aを脱ぐ,基本編
1299,some of A,Aのうちのいくつか/いく人か,基本編
1300,hear of A,Aが聞こえる/Aのことを耳にする,基本編
1301,belong to A,Aの一員である/Aに所属する,基本編
1302,right now,ちょうど今/今すぐ,基本編
1303,pick up A,Aを取り上げる/Aを拾い上げる/Aを取ってくる,基本編
1304,in the middle of A,Aの真ん中に,基本編
1305,take out A,Aを取り出す,基本編
1306,according to 〜,〜によれば,基本編
1307,be going to,～するつもりだ,基本編
1308,give up,諦める,基本編
1309,go out,外出する,基本編
1310,a little,少し/ちょっと,基本編
1311,in the future,未来に/将来に/将来的に,基本編
1312,be afraid of A,Aを恐れる/Aをこわがって,基本編
1313,come back,戻る/帰る/帰ってくる,基本編
1314,be famous for A,Aで有名だ,基本編
1315,at home,家で/家に,基本編
1316,a few A,少数のA/少しのA/多少のA,基本編
1317,over there,向こうに/あそこに/あちらで,基本編
1318,be full of A,Aでいっぱいの/Aでいっぱいである,基本編
1319,be in trouble,困っている/悩んでいる/面倒に巻き込まれている,基本編
1320,these days,最近/このごろは/近ごろでは,基本編
1321,a lot,たくさん/たいへん/とても/よく,基本編
1322,all over the world,世界中で/世界中,基本編
1323,because of A,Aの理由で/Aのために/Aのせいで/Aのおかげで,基本編
1324,be able to 〜,〜することができる,基本編
1325,one of A,Aの1人/Aの1つ,基本編
1326,after school,放課後(に),基本編
1327,at night,夜に/夜は/夜間に,基本編
1328,come in,入る/入ってくる/入場する,基本編
1329,such as 〜,〜のような/たとえば〜など,基本編
1330,How about 〜?,〜はどうですか。,基本編
1331,for the first time,初めて,基本編
1332,from A to B,AからBまで,基本編
1333,have to 〜,〜しなければならない (必要/義務/命令を表す),基本編
1334,don't have to 〜,〜する必要はない/〜しなくてよい,基本編
1335,more than ...,～以上/～より多く,基本編
1336,be born,生まれる,基本編
1337,between A and B,AとBの間の/AとBの間に/AとBの間で,基本編
1338,each other,お互いを/お互いに,基本編
1339,Could you 〜?,〜してくださいませんか。/〜してくれませんか。,基本編
1340,How long 〜?,(時間が)どれくらい長く〜ですか。/どのくらいの間〜ですか。,基本編
1341,at first,最初は/初めのうちは,基本編
1342,Call me A.,私をAと呼んで。/Aと呼んでください。,基本編
1343,Happy birthday!,誕生日おめでとう。,基本編
1344,in fact,実は/実際は/本当に,基本編
1345,in the afternoon,午後に,基本編
1346,right away,すぐに,基本編
1347,I'd like to 〜.,〜したいです。,基本編
1348,thanks to A,Aのおかげで,基本編
1349,both A and B,AとBの両方とも,基本編
1350,Nice to meet you.,はじめまして。,基本編
1351,No problem.,(頼み/質問の受け答えとして)問題ないですよ。/問題ありません。/いいですとも。/もちろん。/だいじょうぶ。/承知しました。,基本編
1352,Me too.,私も。,基本編
1353,What's up?,どうかしたの？/どうしてる？,基本編
1354,Let's see.,(つなぎ言葉として)えーと。/ええと。,基本編
1355,Shall we 〜?,(いっしょに)〜しませんか。/〜しましょうか。(提案),基本編
1356,What's wrong?,どうしましたか。/どうかしたの？/どうしたの？,基本編
1357,My pleasure.,どういたしまして。/こちらこそ。/喜んで。,基本編
1358,May I help you?,いらっしゃいませ。/(店員が客に)何か御用でしょうか。,基本編
1359,Would you like 〜?,〜はいかがですか。,基本編
1360,Pardon me?,何とおっしゃいましたか。(聞き返すときに用いる),基本編
1361,lots of A,たくさんのA/多数のA,基本編
1362,in the evening,晩に/夕方に,基本編
1363,thousands of,何千もの,基本編
1364,turn off 〜,(テレビなどを)〜を消す/止める/切る,基本編
1365,What is the matter?,どうしたの。,基本編
1366,Why don't we 〜?,(いっしょに)〜しませんか。,基本編
1367,There is 〜. / There are 〜.,〜があります。,基本編
1368,throw ,～を投げる,標準編
1369,agree,(討論などして)同意する/賛成する,標準編
1370,encourage ,～を勇気づける/～をはげます,標準編
1371,support ,～を支援する/～を支持する,標準編
1372,graduate,卒業する,標準編
1373,realize ,～を理解する/～を実感する/～を実現する,標準編
1374,receive ,～を受け取る,標準編
1375,taste C,Cな味がする,標準編
1376,imagine ,～を想像する,標準編
1377,cost,(金額/費用が)かかる,標準編
1378,lead ,～を導く,標準編
1379,damage ,～をいためる/～を傷つける/～に損害を与える,標準編
1380,train ,～を訓練する/～をトレーニングする,標準編
1381,cause ,～を引き起こす/～の原因となる,標準編
1382,count ,～を数える,標準編
1383,develop ,～を発展させる/～を開発する,標準編
1384,let ,～にさせる,標準編
1385,continue ,～を続ける,標準編
1386,exchange ,～を交換する,標準編
1387,push ,～を押す,標準編
1388,surf ,(インターネットで情報など)～を見て回る/(波など)～にのる,標準編
1389,hurry,急ぐ/急いで行く,標準編
1390,accept ,～を受け入れる,標準編
1391,marry ,～と結婚する,標準編
1392,shine,輝く/光る/照りつける,標準編
1393,create ,～をつくり出す/～を創造する/～を創作する/～を考案する,標準編
1394,kick ,～を蹴る,標準編
1395,reply,答える/返事をする,標準編
1396,hunt,～を狩る/狩りをする,標準編
1397,shout ,～と叫ぶ,標準編
1398,raise ,～を上げる/～を持ち上げる,標準編
1399,lend ,～を貸す,標準編
1400,trust ,～を信頼する/～だと期待する/～を信頼する,標準編
1401,attack ,～を襲う/～を攻撃する,標準編
1402,print ,～を印刷する,標準編
1403,hide ,～を隠す,標準編
1404,affect ,～に影響する,標準編
1405,wipe ,(物の表面)～を(布/手などで)拭く,標準編
1406,remove ,～を取り除く/～を取り去る/～を片づける,標準編
1407,survive,生き残る/生き延びる,標準編
1408,judge ,(物のよしあしなど)～を判断する,標準編
1409,compare ,～を比較する/～を比べる,標準編
1410,knock,ノックする/たたく,標準編
1411,boil ,～をゆでる/～を煮る/～を沸騰させる,標準編
1412,discover ,～(なにか新しいもの)を発見する/～(なにか新しいもの)を見つける/～(なにか新しいもの)を見いだす,標準編
1413,pull ,～をひく/～をひっぱる,標準編
1414,discuss ,～について話し合う,標準編
1415,fold ,～を折る,標準編
1416,repair ,～を修理する/～を直す,標準編
1417,allow ,～を許す/～を許可する,標準編
1418,add ,～を加える/～を付け加える/～を足す,標準編
1419,disagree,意見が合わない/賛成しない/反対する,標準編
1420,dive,潜る/飛び込む,標準編
1421,ban ,～を禁止する,標準編
1422,chat,おしゃべりをする,標準編
1423,shake,揺れる/振動する,標準編
1424,suggest ,～を提案する,標準編
1425,might,mayの過去形,標準編
1426,base ,～に基礎を置く/～に根拠を置く/(根拠など)～を置く/～を元にする/～に基づく,標準編
1427,destroy ,～を破壊する/～をこわす,標準編
1428,select ,～を選ぶ,標準編
1429,reduce ,～を減らす/～を減少させる/～を少なくする,標準編
1430,seem C,Cのように見える/Cのように思われる,標準編
1431,inspire ,～を呼び起こす/～を奮い立たせる,標準編
1432,deliver ,～を配達する,標準編
1433,fail,失敗する,標準編
1434,been,beの過去分詞,標準編
1435,begun,beginの過去分詞,標準編
1436,bloom,開花する/花が咲く,標準編
1437,broke,breakの過去形,標準編
1438,cancel ,～を取り消す/～を中止する,標準編
1439,offer ,～を差し出す/～を提供する/～を提示する,標準編
1440,provide ,～を提供する,標準編
1441,recover,立ち直る/回復する,標準編
1442,drawn,drawの過去分詞,標準編
1443,drunk,drinkの過去分詞,標準編
1444,flown,flyの過去分詞,標準編
1445,gone,g～の過去分詞,標準編
1446,grown,gr～wの過去分詞,標準編
1447,broken,breakの過去分詞,標準編
1448,brought,bringの過去形・過去分詞,標準編
1449,built,buildの過去形・過去分詞,標準編
1450,caught,catchの過去形・過去分詞,標準編
1451,chosen,ch～～seの過去分詞,標準編
1452,cut,cutの過去形・過去分詞,標準編
1453,done,d～の過去分詞,標準編
1454,eaten,eatの過去分詞,標準編
1455,fallen,fallの過去分詞,標準編
1456,fed,feedの過去形/過去分詞,標準編
1457,felt,feelの過去形・過去分詞,標準編
1458,fought,fightの過去形/過去分詞,標準編
1459,given,giveの過去分詞,標準編
1460,risen,riseの過去分詞,標準編
1461,fill ,～を満たす/～をいっぱいにする,標準編
1462,dribble,ドリブルをする,標準編
1463,found ,～を創立する/～を設立する,標準編
1464,heard,hearの過去形・過去分詞,標準編
1465,held,h～ldの過去形・過去分詞,標準編
1466,kept,keepの過去形・過去分詞,標準編
1467,known,kn～wの過去分詞,標準編
1468,lent,lendの過去形/過去分詞,標準編
1469,put,putの過去形・過去分詞,標準編
1470,read,readの過去形・過去分詞,標準編
1471,ridden,rideの過去分詞,標準編
1472,said,sayの過去形・過去分詞,標準編
1473,seen,seeの過去分詞,標準編
1474,sent,sendの過去形・過去分詞,標準編
1475,shot,sh～～tの過去形・過去分詞,標準編
1476,shown,sh～wの過去分詞,標準編
1477,sold,sellの過去分詞,標準編
1478,threw,thr～wの過去形,標準編
1479,woken,wakeの過去分詞,標準編
1480,slept,sleepの過去形・過去分詞,標準編
1481,spent,spendの過去形・過去分詞,標準編
1482,spoken,speakの過去分詞,標準編
1483,sung,singの過去分詞,標準編
1484,swum,swimの過去分詞,標準編
1485,taken,takeの過去分詞,標準編
1486,taught,teachの過去形/過去分詞,標準編
1487,thought,thinkの過去形・過去分詞,標準編
1488,thrown,thr～wの過去分詞,標準編
1489,told,tellの過去形・過去分詞,標準編
1490,understood,understandの過去形・過去分詞,標準編
1491,won,winの過去形・過去分詞,標準編
1492,wore,wearの過去形,標準編
1493,worn,wearの過去分詞,標準編
1494,would,willの過去形,標準編
1495,written,writeの過去分詞,標準編
1496,ground,地面/地上/土地/グラウンド,標準編
1497,stadium,競技場/球場/スタジアム,標準編
1498,wonder ,～を不思議に思う/～だろうかと思う,標準編
1499,visitor,訪問者/訪問客/来訪者,標準編
1500,century,世紀/100年,標準編
1501,course,方向/進路,標準編
1502,bit,少しのもの/ちょっと/小片,標準編
1503,health,健康状態/健康,標準編
1504,call,電話をすること/電話を受けること,標準編
1505,sign,標識/標示/看板/掲示,標準編
1506,garden,庭/庭園,標準編
1507,period,時代/期間,標準編
1508,uniform,制服/ユニフォーム,標準編
1509,bottle,ボトル/びん,標準編
1510,flight,(飛行機の)便/飛行,標準編
1511,towel,手拭い/タオル,標準編
1512,guide,案内人/ガイド,標準編
1513,trumpet,トランペット,標準編
1514,stick,棒/棒状のもの,標準編
1515,flute,フルート/横笛,標準編
1516,presentation,(意見/提案などの)発表/プレゼンテーション,標準編
1517,tour,旅行/観光旅行/ツアー/見学,標準編
1518,death,死,標準編
1519,million,100万,標準編
1520,waste,無駄/むだづかい/浪費/ごみ/廃棄物,標準編
1521,university,大学/(総合大学),標準編
1522,mistake,間違い/誤り/手違い,標準編
1523,tournament,トーナメント/勝ち抜き戦,標準編
1524,teammate,チームメイト,標準編
1525,host,(客を接客する)主人,標準編
1526,goal,目標/目的/ゴール,標準編
1527,worker,労働者/仕事(勉強)をする人,標準編
1528,machine,機具/機械,標準編
1529,bench,ベンチ/長いす,標準編
1530,shelf,棚,標準編
1531,marathon,マラソン,標準編
1532,runner,走者/ランナー,標準編
1533,musical,ミュージカル,標準編
1534,wheelchair,車いす,標準編
1535,plane,飛行機,標準編
1536,respect,尊敬/尊重,標準編
1537,engineer,技師/技術者/エンジニア,標準編
1538,system,方式/方法/制度,標準編
1539,accident,事故/偶然の出来事,標準編
1540,report,報告書/報告/レポート,標準編
1541,wood,(切った)木/木材/材木,標準編
1542,interview,インタビュー/会見/面接,標準編
1543,skill,技術/技能/腕前,標準編
1544,advice,助言/忠告/アドバイス,標準編
1545,traffic,(車の)往来/交通(量),標準編
1546,Europe,ヨーロッパ,標準編
1547,prefecture,県/府,標準編
1548,technology,科学技術 テクノロジー,標準編
1549,human,人/人間,標準編
1550,symbol,シンボル/象徴/記号,標準編
1551,album,(レコードやCDの)アルバム,標準編
1552,exercise,運動,標準編
1553,test,試験/テスト/検査,標準編
1554,pollution,汚染/公害,標準編
1555,toy,おもちゃ,標準編
1556,importance,大切さ/重要性,標準編
1557,influence ,～に影響を与える/～に影響する,標準編
1558,side,側面/(人/こと/ものを見る)面/(敵/味方の)～側/(西や東などどちらかの)～側,標準編
1559,friendship,友情/親交/友人関係,標準編
1560,wind,風,標準編
1561,coach,コーチ,標準編
1562,hometown,生まれ育った町/故郷の町,標準編
1563,radio,ラジオ,標準編
1564,college,大学/(単科大学),標準編
1565,drill,訓練,標準編
1566,athlete,運動選手/アスリート,標準編
1567,joy,喜び,標準編
1568,speaker,話す人/演説者/話者,標準編
1569,challenge,課題/難題/難問,標準編
1570,instruction,指示/指図/作り方,標準編
1571,record,記録,標準編
1572,land,土地/国,標準編
1573,billion,10億,標準編
1574,winner,勝者/受賞者/優勝者,標準編
1575,relay,リレー競走,標準編
1576,court,(テニスなどの)コート,標準編
1577,church,教会,標準編
1578,government,政府,標準編
1579,tradition,伝統,標準編
1580,tear,涙,標準編
1581,beauty,美しさ,標準編
1582,glass,ガラス/グラス,標準編
1583,ocean,海/大洋/海洋,標準編
1584,cucumber,キュウリ,標準編
1585,tonight,今夜,標準編
1586,safety,安全/無事,標準編
1587,brain,脳/頭脳,標準編
1588,figure,形/姿/図,標準編
1589,level,水準/段階/レベル,標準編
1590,matter,事柄/問題/事件,標準編
1591,danger,危険/危険な状態,標準編
1592,custom,風習/習慣/慣習,標準編
1593,mirror,鏡,標準編
1594,wife,妻,標準編
1595,trainer,トレーナー/調教師,標準編
1596,president,大統領,標準編
1597,movement,(社会的/政治的な)運動/活動,標準編
1598,typhoon,台風,標準編
1599,spot,場所/地点,標準編
1600,solution,解決策/解決法,標準編
1601,comedy,喜劇/コメディー,標準編
1602,furniture,家具,標準編
1603,researcher,研究者,標準編
1604,planet,惑星,標準編
1605,horror,恐怖/ぞっとするもの/ホラー,標準編
1606,mushroom,キノコ/マッシュルーム,標準編
1607,smell,匂い,標準編
1608,somebody,だれか/ある人,標準編
1609,teenager,10代の少年・少女/ティーンエージャー,標準編
1610,race,競走/競争/レース,標準編
1611,belt,ベルト/帯,標準編
1612,bedroom,寝室,標準編
1613,difficulty,困難/難しさ/苦労,標準編
1614,skin,皮膚/肌,標準編
1615,stomachache,胃痛/腹痛,標準編
1616,fence,垣根/塀,標準編
1617,husband,夫,標準編
1618,fiction,小説/フィクション/創作/作り話,標準編
1619,facility,設備/施設,標準編
1620,adventure,冒険,標準編
1621,stomach,胃/腹,標準編
1622,throat,のど,標準編
1623,beginning,始まり/初め/最初/最初の部分,標準編
1624,talent,才能,標準編
1625,mission,使命/天命/任務/目的,標準編
1626,swimmer,水泳選手/泳ぐ人,標準編
1627,traveler,旅行者,標準編
1628,truth,真実/本当のこと,標準編
1629,interpreter,通訳者,標準編
1630,bomb,爆弾,標準編
1631,lawyer,弁護士/法律家,標準編
1632,toothache,歯痛/歯の痛み,標準編
1633,pocket,ポケット,標準編
1634,cancer,(病気の)がん,標準編
1635,pianist,ピアニスト,標準編
1636,medal,メダル,標準編
1637,chess,チェス,標準編
1638,grass,草/牧草,標準編
1639,midnight,夜の12時/真夜中,標準編
1640,pancake,パンケーキ,標準編
1641,secret,秘密/内緒ごと,標準編
1642,scarf,スカーフ/襟巻き,標準編
1643,victim,犠牲者/被害者,標準編
1644,parade,行進/パレード,標準編
1645,ton,トン,標準編
1646,behavior,ふるまい,標準編
1647,row,列/並び,標準編
1648,kilometer,キロメートル,標準編
1649,blossom,花/(特に果樹の花を指す),標準編
1650,law,法律,標準編
1651,communication,意思の疎通/コミュニケーション/情報の伝達,標準編
1652,business,商売/事業,標準編
1653,electricity,電気,標準編
1654,lamp,ランプ/明かり,標準編
1655,emergency,緊急事態/非常時,標準編
1656,gesture,ジェスチャー/身ぶり,標準編
1657,graph,グラフ/図表,標準編
1658,expression,表現/表情,標準編
1659,stamp,切手,標準編
1660,survey,調査,標準編
1661,nap,うたた寝/昼寝/仮眠,標準編
1662,delivery,配達,標準編
1663,experiment,実験,標準編
1664,princess,王女/皇太子妃,標準編
1665,survivor,生き残った人/生存者,標準編
1666,user,使用者/利用者/ユーザー,標準編
1667,recipe,レシピ/(料理などの)作り方,標準編
1668,director,(映画)監督,標準編
1669,reality,現実,標準編
1670,costume,(舞台用などの)衣装/コスチューム/(ある時代/民ぞくなどに特有の)服装,標準編
1671,audience,聴衆/観客/聞き手,標準編
1672,disease,病気,標準編
1673,decision,決断/決定/決心,標準編
1674,charity,チャリティー/思いやり/慈善/慈善団体,標準編
1675,climate,気候,標準編
1676,species,種,標準編
1677,stone,石,標準編
1678,kindness,親切/親切な行為,標準編
1679,cleaner,掃除機/クリーナー,標準編
1680,direction,方向,標準編
1681,discovery,発見,標準編
1682,display,陳列/展示,標準編
1683,feature,特色/特徴,標準編
1684,nobody,だれも～ない,標準編
1685,operation,手術,標準編
1686,noon,正午/昼の12時,標準編
1687,laughter,笑い/笑い声,標準編
1688,roof,屋根,標準編
1689,drama,演劇/劇,標準編
1690,freedom,自由,標準編
1691,inventor,発明家,標準編
1692,roller coaster,ジェット・コースター,標準編
1693,yard,中庭/庭,標準編
1694,wrist,手首,標準編
1695,role,役/役割,標準編
1696,award,賞,標準編
1697,backpack,バックパック,標準編
1698,feather,羽毛/羽,標準編
1699,issue,重要な話題/論点/問題点,標準編
1700,noise,音/物音/騒音,標準編
1701,organization,組織,標準編
1702,package,小包/箱/(商品の)パッケージ,標準編
1703,suitcase,スーツケース,標準編
1704,interviewer,インタビューする人,標準編
1705,French,フランス語/フランス人,標準編
1706,courage,勇気,標準編
1707,success,成功,標準編
1708,hallway,廊下(ろうか)/通路/玄関,標準編
1709,community,地域社会/共同体/コミュニティー,標準編
1710,loss,損失/失うこと/減少,標準編
1711,pole,柱/棒,標準編
1712,seed,種,標準編
1713,apartment,アパート,標準編
1714,fork,フォーク,標準編
1715,suit,(ある目的のための)衣服/スーツ/～着,標準編
1716,Arabic,アラビア語,標準編
1717,balcony,バルコニー,標準編
1718,beak,くちばし,標準編
1719,gender,(文化的・社会的役割としての)性/ジェンダー,標準編
1720,understanding,理解/知識,標準編
1721,wisdom,知恵/英知,標準編
1722,championship,選手権/選手権大会/決勝戦,標準編
1723,traffic light,交通信号/信号灯,標準編
1724,sign language,手話,標準編
1725,manga,マンガ/(特に日本のマンガを指す),標準編
1726,wrestling,レスリング/すもう,標準編
1727,Switzerland,スイス,標準編
1728,lantern,ちょうちん,標準編
1729,eve,前夜/前日,標準編
1730,squirrel,リス,標準編
1731,AI,人工知能,標準編
1732,blanket,毛布,標準編
1733,carpet,じゅうたん,標準編
1734,clarinet,クラリネット,標準編
1735,deer,シカ,標準編
1736,flashlight,懐中電灯,標準編
1737,Mexico,メキシコ(北アメリカ南端の合衆国/首都はメキシコ・シティー/公用語はスペイン語),標準編
1738,scuba diving,スキューバダイビング,標準編
1739,teeth,t～～thの複数形,標準編